n_steps,final_price,final_fundamental,final_mispricing_pct,max_abs_mispricing_pct,mean_abs_mispricing_pct,max_drawdown_pct,annualised_sharpe,mean_rolling_vol,total_margin_calls,total_defaults,n_crash_steps,n_bubble_steps,mean_avg_leverage,max_avg_leverage,peak_ponzi_pct,final_avg_wealth,final_gini,momentum_fraction,n_momentum,seed
500,131.55562066412503,89.97992502399762,46.20552376437209,46.843959831065455,27.71861862904635,-12.960759548980413,0.8081545290217531,0.011895930762478251,31,0,0,388,0.3489611972628794,0.5213708264450194,0.0,4145.149289865483,0.48990051232160114,0.0,0,0
500,205.09274040544636,104.69675284349383,95.89216937036214,116.10634053001023,57.24599443321138,-13.9469001557487,2.0679337641749855,0.010920438454372752,31,0,0,398,0.4020142001873837,0.6107917788419513,0.0,6283.034827617041,0.5679480956489151,0.0,0,1
500,138.30840819776728,104.4374001853584,32.43187589148492,45.54295833718626,16.19030014529913,-13.56543968000926,0.9514901232514588,0.011459691715865613,29,0,0,131,0.40022173684485773,0.5772198600737477,0.0,4137.796954714191,0.5311952626746865,0.0,0,2
500,138.68706722583096,101.2144983038308,37.0229261123373,42.35803795481809,14.732369989900429,-17.525746208151542,1.0184164332674004,0.010791847619867635,26,0,0,122,0.3147269088614482,0.523576312231734,0.0,3402.6208284113804,0.489861676729326,0.0,0,3
500,163.95272723298936,93.36077006518951,75.61201253857348,78.7603777148142,43.41271649089586,-22.69637359956029,1.4438872033495591,0.011144896376957125,28,0,0,474,0.3490113106533999,0.46632707314034205,0.0,4431.375295469703,0.5421471870739172,0.0,0,4
500,198.27650272594056,120.40161257392113,64.67927504227386,73.8480743232772,29.353979983105603,-14.373943758238827,1.9410460134330094,0.011217757877935823,29,0,0,324,0.35184937918100867,0.5282878832062012,0.0,4979.215301806,0.5381116302678957,0.0,0,5
500,176.7829708022807,108.69839422513229,62.63623033486034,75.76960340345728,32.63075278329684,-19.49985419865726,1.5758086123956272,0.011540524810684795,29,0,0,340,0.37636224384531725,0.652361756918703,0.0,4747.60448413831,0.5307939466677074,0.0,0,6
500,126.78616817641695,103.63401694542264,22.340300910257152,23.927402865326133,6.565597899761759,-28.8581457748874,0.7343356979700851,0.011065132323751005,28,0,0,10,0.3907408419150995,0.6065272132370417,0.0,3674.6105005657314,0.4869952970065956,0.0,0,7
500,179.1016455494054,86.91511897507557,106.06500648151436,106.06500648151436,44.26661722607959,-16.439605055368798,1.7846258715969128,0.010402579211073683,27,0,0,331,0.3783468558250401,0.5476692308976376,0.0,4586.506326863606,0.5523814621115379,0.0,0,8
500,133.48082857057707,96.01704680257951,39.01784424283198,44.50976194238779,24.01094195452451,-15.64425791324231,0.8768313935546073,0.01112602039325597,28,0,0,330,0.3535837416969514,0.561543603514681,0.0,3827.550863919029,0.5320988755186211,0.0,0,9
500,154.1462513879166,81.56089925450657,88.99528180398208,95.12128883694162,42.8101042605592,-17.438755357180373,1.3039135426418216,0.01078750847059719,23,0,0,422,0.3455455644034705,0.6019449108043561,0.0,3472.010640095781,0.5248321709623525,0.1,4,0
500,115.50414687867686,89.64561840521503,28.84527870238613,29.768404403173676,12.768997544218472,-22.89974071173351,0.49370787930289056,0.010760234073760915,26,0,0,102,0.2899867731494701,0.5362051288178673,0.0,3175.1702341778932,0.4843821479148178,0.1,4,1
500,117.20270289157209,97.25849215189328,20.50639517270222,34.525813585893616,11.494281583179514,-22.08087645078872,0.5198376609356217,0.01119891946268109,26,0,0,122,0.36692383703163034,0.5121948409274169,0.0,3363.893860176472,0.5164617373654627,0.1,4,2
500,113.53623058570824,85.37617661969891,32.9835032218015,56.37312075104298,26.27428311707946,-18.723137635610627,0.46721941311757315,0.010130604999440646,22,0,0,324,0.3043019403719006,0.4678803529425702,0.0,2737.590416174032,0.4685061556149792,0.1,4,3
500,107.81097751546832,110.3033453530558,-2.2595577945618786,22.477766473084294,7.155821584241792,-23.26454605063337,0.3037785782294862,0.010510917622941325,27,0,0,10,0.376537272172969,0.5323846212911493,0.0,3394.932976917684,0.5043390645588799,0.1,4,4
500,157.42778253814726,92.92221596162312,69.4188853644697,69.4188853644697,28.62586510819317,-16.825214709607327,1.3750983203035039,0.010668288452690697,24,0,0,321,0.3764231825906511,0.641823002342391,0.0,4036.039213125708,0.5437196384717766,0.1,4,5
500,155.07122526535983,104.44132706308993,48.47688135146528,63.94970737766531,28.629043255415038,-14.361469411111901,1.3357498001668915,0.010669144363710225,25,0,0,404,0.37087697757534327,0.6109674549809502,0.0,3938.653269037505,0.5383099079865894,0.1,4,6
500,100.19397475001759,111.05839344254558,-9.782618274726383,11.680328383365982,3.689650990069836,-14.5911969688333,0.09351036147029763,0.010619931399399866,26,0,0,0,0.3418325012162587,0.5213814420837608,0.0,2969.695326326533,0.4615589060865777,0.1,4,7
500,115.84177873034785,94.8303801487626,22.156822052831792,37.32535128968018,12.09027378962767,-17.787419646590426,0.4997050338057132,0.01088877267244458,26,0,0,123,0.3036981430495653,0.48501660822246,0.0,3272.0034342747176,0.49915329951397736,0.1,4,8
500,108.53303530615388,102.57538386045597,5.808071314461491,10.659982201138488,3.307549388175358,-16.93268298029739,0.31261153630603794,0.011588304521637598,25,0,0,0,0.36378150116819985,0.5609415438013255,0.0,2996.0058597370225,0.4650681488146544,0.1,4,9
500,118.85269023508826,98.6862072861845,20.43495591073035,43.27702670818764,17.181396099396476,-17.158811154415464,0.5780315216236478,0.010782390335282386,24,0,0,178,0.3162185307643164,0.7781757854495878,0.0,3031.6230481211905,0.49274193658335297,0.2,8,0
500,163.22697562750673,96.4819787177556,69.17871896575028,80.29457872376871,45.654347611613176,-20.624852125565553,1.3932049220161364,0.0111916424347437,25,0,0,459,0.36616479060988955,0.7456144973427424,0.0,4305.8578913186675,0.5777104608609296,0.2,8,1
500,185.04506176564635,112.3855362610731,64.65202544906154,75.00593315746157,42.67605454494452,-14.719259280843747,1.6667888677709366,0.011852321935076734,23,0,0,424,0.33874464233972706,0.7135234339906259,0.0,4152.267899047743,0.5758483355019375,0.2,8,2
500,87.70636678778361,116.96504604821529,-25.014891413260916,30.065274344138338,18.283785925743445,-33.92082388235342,-0.2809780600212218,0.010710063114432618,19,0,0,12,0.43228710510626567,0.6909028694464994,0.0,2169.745906622149,0.430946501072883,0.2,8,3
500,181.96335370526168,101.98854695052734,78.4154781551389,78.4154781551389,27.084875389554202,-9.924720674325453,1.720138044082127,0.011104053324444552,23,0,0,225,0.34440968919697446,0.8149438161688419,0.0,4095.029000535971,0.5625450914079877,0.2,8,4
500,174.33466046092093,96.51984557843728,80.62053395977212,80.62053395977212,34.9687301225579,-17.604961638247847,1.6071032496852662,0.011174117174308818,26,0,0,358,0.3574401380705575,0.6336689718877436,0.0,4729.175597143809,0.5494915761405523,0.2,8,5
500,132.34571953106882,101.3769293324617,30.548163573830667,50.399830458640736,21.05840614347663,-16.760182021211094,0.8233643984760973,0.01154294279820698,23,0,0,221,0.35097386990177,0.6352018635616391,0.0,3429.156489289441,0.540523303894999,0.2,8,6
500,110.70649934446061,96.03629304627756,15.275689880193344,61.09075646216105,26.739978805191768,-35.25390556991856,0.3686023295465028,0.011004252035657351,24,0,0,258,0.3604895426389792,0.7249416463405108,0.0,3066.9668185202386,0.49888741954991134,0.2,8,7
500,139.384391389236,93.30272815550411,49.389406017077356,65.40842137468681,34.09590678474543,-20.928768516997387,0.9991995374414402,0.011210455846355489,24,0,0,398,0.33701778673298227,0.7269128510400098,0.0,3421.198522866689,0.5122822324201513,0.2,8,8
500,127.02282955013243,86.60296223400616,46.67261520097832,56.4874003743534,23.88472939568037,-16.412702070520613,0.7358223493445986,0.011249808209624347,24,0,0,327,0.3339072159803686,0.7133166747629787,0.0,3315.8486180595405,0.5042070356159651,0.2,8,9
500,122.46590340521189,77.17212174733008,58.69189628630216,80.6898686474775,31.08267340243607,-18.075631308574312,0.6240958398947317,0.011515573332124057,21,0,0,271,0.3316753047681297,0.8312708183169768,0.0,2997.4308715125903,0.4983375832194492,0.3,12,0
500,172.54505669961364,106.18645077623702,62.49253594812372,62.49253594812372,26.326449645048267,-13.427613537433656,1.5396000155172913,0.011244576439194458,20,0,0,355,0.3242805621577581,0.8408891907147197,0.0,3590.109382971973,0.539880637701575,0.3,12,1
500,133.78217561083196,92.56982581956414,44.5202844732563,49.69910710081392,24.779472744691155,-18.118114787521744,0.8649531354086704,0.011516453777236247,21,0,0,304,0.3223637075539423,0.7216673824146286,0.0,2982.3499913590267,0.49694938723893967,0.3,12,2
500,111.72316489130999,91.73897671987902,21.78374872487604,46.72166027992783,21.850784562160808,-29.983686813859826,0.3840358738931366,0.01160030586993795,17,0,0,270,0.30337995178038635,0.7953131329158512,0.0,2279.540798247749,0.42268638747459075,0.3,12,3
500,116.57047847147301,123.6036765242953,-5.690120432170036,21.689558484431547,5.212123425894523,-16.08494967763438,0.49157357611741703,0.01178581336070605,21,0,0,1,0.30463994637498837,0.7525774697145192,0.0,2961.639903343264,0.5111507795361474,0.3,12,4
500,175.83695018155393,109.94589955491651,59.930430232848956,81.53234337230111,39.76665412462553,-15.726558312439318,1.4954022559584335,0.012180830528622694,20,0,0,405,0.3856788418329691,0.9493563998570028,0.0,4241.09273991344,0.5695849878705892,0.3,12,5
500,136.8597527452253,123.39851677611937,10.908750219039117,25.597281535291977,8.284464877676674,-21.78046283987008,0.9096881197275726,0.01169592733228237,20,0,0,8,0.3317678588780029,0.8884850445545597,0.0,3160.6695311951153,0.49689448688822013,0.3,12,6
500,106.57396213187754,106.34860307070667,0.21190599092404763,19.166884669351912,4.510298633430065,-15.155550193511255,0.26043208681248065,0.012086944209476584,20,0,0,0,0.325538007695836,0.7650579052966029,0.0,2543.8539363076384,0.46491287046531116,0.3,12,7
500,130.93022995113606,93.87880283347597,39.46729826048445,47.411151027610615,23.515145007195326,-16.53918786750891,0.7674270906619507,0.012332611040745095,18,0,0,318,0.3096410015462491,0.8832427308487872,0.0,2716.820197935881,0.48747761782855004,0.3,12,8
500,134.73461218289088,88.39126250649657,52.42978588860881,60.10883671064082,12.931512969766231,-17.358148397368844,0.8977153705518489,0.011115687307952645,20,0,0,121,0.30491131222039103,0.8159476075590095,0.0,2987.33119266574,0.5002161997531547,0.3,12,9
500,136.34761162078013,90.51767013005602,50.63093363414628,75.5926614302564,24.099036146323247,-20.605495878314144,0.7634103517094399,0.014211534872048674,16,0,0,281,0.31439374453981717,1.3602540239014385,0.0,2542.5236560539424,0.43968431937765073,0.4,16,0
500,147.1094290515633,94.61701367969083,55.478833383577566,71.20191534540223,26.44215337385282,-20.9639621825137,0.9833442034904207,0.013039584643198371,20,0,0,279,0.3622065549396543,1.1382498152586131,0.0,3619.3962908686526,0.5387507929468975,0.4,16,1
500,88.5413429728631,110.62304963009744,-19.96121670038151,26.944217355160855,8.819654572627284,-25.171655645261154,-0.20283452890444562,0.011925521216408644,21,0,0,0,0.3541358367627208,0.9688241412712802,0.0,2503.6408596378774,0.4450128480955369,0.4,16,2
500,132.6724644283164,84.7091943010647,56.621091161350904,83.2598610943835,50.32364653911141,-15.325750630100213,0.822119973610804,0.01180046542356866,16,0,0,470,0.30465534071994704,0.8938661611302627,0.0,2498.8860927301876,0.4478828889757054,0.4,16,3
500,151.2170605310357,109.73353954109079,37.80386667871131,75.04328483771708,23.949726848746483,-17.01103702535353,1.0342752053415307,0.013448233192768982,20,0,0,245,0.34334418158920116,1.146479748621561,0.0,3678.653918926035,0.5406756965166897,0.4,16,4
500,140.8883125277516,111.62413446761288,26.21671218299978,28.99424604258473,8.597721487225037,-21.785726266143083,0.8853795761428844,0.013299253984603585,21,0,0,28,0.37784862768443145,1.009408286089342,0.0,4064.109014523604,0.5806305788882742,0.4,16,5
500,109.86491382274266,95.18703027433072,15.420045678607702,63.00564469848031,25.22314669113703,-33.80555720690657,0.3313405654803544,0.012177500767571289,19,0,0,278,0.36013861147743637,1.254145427979522,0.0,2999.5596156683705,0.5246777569658583,0.4,16,6
500,121.90195764166893,82.69453254261173,47.41235471505203,58.36295145782921,16.080056336005832,-25.917278649505544,0.5791778467441036,0.012106641596563751,19,0,0,122,0.31561085035986836,1.2483215652498059,0.0,2835.136712960109,0.46708861665369894,0.4,16,7
500,111.68161731345236,105.81795843730396,5.541270085665623,15.611162641861323,4.62577826543082,-19.404457529859293,0.3686393946978071,0.012804747317935043,18,0,0,0,0.30006172510888635,1.0157275677701691,0.0,2512.2277130969705,0.44367784220660167,0.4,16,8
500,140.95121670568818,100.32995551784708,40.487669887001225,86.9621482577046,37.74855623720293,-27.183643442730293,0.8067723704345036,0.014405462730052577,35,0,6,458,0.3445363607422617,1.3894398663025185,0.0,4668.302349912784,0.36946310499500434,0.4,16,9
500,126.40800459015996,101.89473319661174,24.05744695974468,36.44261183518071,10.59634165903402,-33.24689976218011,0.5485326177153018,0.016270753725033154,34,0,4,74,0.24361844634552957,1.592117361386965,0.0,4061.3403036065965,0.3363085135427293,0.5,20,0
500,145.39430006570143,91.37247785797231,59.12264116520911,88.57997101556431,39.25962555265377,-27.148417560444994,0.7549954277459049,0.01754176487343785,14,0,6,411,0.34585104773494324,1.6845352069289121,0.0,3375.621439122611,0.41835738991318716,0.5,20,1
500,100.12260751967725,110.42590770354718,-9.330509839711253,36.79096215145993,7.3745045375887885,-32.94868206007672,0.14818818596970548,0.01584210302550425,16,0,8,30,0.33517361334594614,1.5530334659608624,0.0,2623.234569165825,0.3844254676274901,0.5,20,2
500,140.85469249131316,108.81652952535144,29.442367906520722,63.89643705054285,23.484504195243478,-29.0221189547671,0.6991732228161524,0.01775358045168251,36,0,10,285,0.2590867512879914,1.7145136586513616,0.0,4707.003612403777,0.31915772593149705,0.5,20,3
500,172.02400301915156,129.07222159283822,33.27732404095894,37.049943711071435,12.681068978540031,-28.80139560575087,1.1272231806417905,0.01523994131669148,16,0,6,36,0.42348445686804975,1.3811004003377412,0.0,3715.973292670653,0.4477657052477273,0.5,20,4
500,199.57627988539602,126.40838927842645,57.88214771553678,132.0096420416126,28.83608197498806,-42.82987889893738,1.1274400172069254,0.019573665518608608,15,0,16,305,0.40983577093472773,1.6607651553257567,0.0,5228.007219886988,0.4555816232734051,0.5,20,5
500,142.94778750941774,88.22437334208585,62.027546463996316,611.6350587969736,45.98170980315057,-81.8275491373579,0.6903025900345787,0.023857995120918577,14,0,25,412,0.31066771137676646,1.5767905173532974,0.0,15448.019773131111,0.3866149233137157,0.5,20,6
500,145.02422684843137,91.97265345277971,57.68189935162545,57.68189935162545,19.365937593463663,-22.298670499752955,0.8328599702475645,0.015260811154569539,13,0,0,259,0.3378709278870057,1.1934171301504495,0.0,2823.1285604536265,0.4223904510619496,0.5,20,7
500,105.1826312588582,107.81391335618642,-2.4405774870959545,25.640293816917392,5.113181248847894,-31.48372391615628,0.22694977402309124,0.013876796382593579,16,0,5,5,0.30716533004103014,1.4273159988591344,0.0,2477.7983180974516,0.36896646736704986,0.5,20,8
500,127.00450671066793,88.45391165603925,43.58269106801746,74.43639437157181,32.11258495889623,-26.0242704147366,0.5954907433706212,0.014596294458551764,14,0,3,346,0.3245119307123944,1.5352576903506647,0.0,2768.8910272563307,0.4377789627680402,0.5,20,9
500,1126906.8446434757,103.36680709074011,1090101.8514069272,8656692586.728165,44476055.30354511,-99.9879263560983,2.1982724940949883,0.10916131595258168,37,1,32,80,0.26229913273445643,1.9112250556205814,0.0,1.2567436643321933e+18,0.38461538249502136,0.6,24,0
500,4.9344599494595456e+30,98.93886621759343,4.987382752706432e+30,4.987382752706432e+30,1.284708197122025e+28,-99.98973101457513,5.838619490852029,0.5469481348138097,14,4,69,456,0.12040888385730682,1.8098728790531915,0.0,2.54878347781046e+38,0.3333332894443044,0.6,24,1
500,1059467886123783.2,109.43453068114158,968129419050222.9,8.099335401999562e+18,4.1761755602461064e+16,-99.98887797883475,3.9698308898844163,0.31904658048254186,18,3,43,224,0.2534768368691679,1.8161169594086595,0.0,1.3799740601666863e+27,0.3513513501655312,0.6,24,2
500,13785590298.689405,85.81765347824162,16063816306.00862,136053777288112.53,700043927000.1763,-99.9900512757469,3.13916737551652,0.21845584453126077,11,1,51,430,0.09960931944421524,1.8190304526998324,0.0,1.5965345999236075e+22,0.3846153841014255,0.6,24,3
500,3.295209977698562e+26,93.65523691966384,3.5184471109983394e+26,2.876685933907788e+30,1.474860541196829e+28,-99.98924127826564,5.658904038897672,0.6015809794061211,18,5,70,424,0.12314351017703185,1.7628731975494993,0.0,4.355870413909588e+38,0.3142857130712964,0.6,24,4
500,3.3909158517008346e+22,100.10662726556902,3.3873040620030125e+22,2.8662418147318216e+26,1.473386066169324e+24,-99.98849091200984,5.110839540233006,0.5220847515881679,17,2,75,472,0.14889910311834048,1.8465651877712836,0.0,3.7913340983369253e+34,0.3684210513769419,0.6,24,5
500,1.247563724538221e+43,96.15291710126861,1.29747880995049e+43,5.135530588229056e+46,2.642733842603811e+44,-99.98886672920727,7.654014122831723,1.0182298177537998,10,6,116,473,0.13922529049319332,1.8481667369760508,0.0,8.419880033607787e+54,0.2941176470588234,0.6,24,6
500,4.656146742591835e+19,106.9829726919353,4.352231598573657e+19,1.5752229457905781e+22,8.113440680598666e+19,-99.98908740131134,4.648237126487143,0.4210048131665454,23,1,56,327,0.1784049295902935,1.6348555185917828,0.0,2.2533817602961774e+30,0.3846153804403989,0.6,24,7
500,92774670636.10464,106.91963190333722,86770473184.06386,372844894827033.8,1918228044664.1091,-99.9883428418048,3.2373546887301927,0.21980108911558807,15,1,38,350,0.2130566709282564,1.8613746756463765,0.0,5.801233018367766e+22,0.38461538376352133,0.6,24,8
500,9.12749857236088e+39,101.0109136616042,9.036150888545405e+39,1.615668417556072e+43,8.272567454931296e+40,-99.9884395932692,7.2252647030469905,0.8794093218195456,13,6,114,491,0.12708155887408015,1.845153403628186,0.0,2.7206254592347626e+51,0.2941176470588236,0.6,24,9
500,2.6696034313293653e+34,87.27682791778511,3.0587768770012303e+34,2.5384766337155276e+38,1.299310737658952e+36,-99.988982810631,6.662932171548995,0.7758849232497291,12,4,82,487,0.12344123683204702,1.949321206734074,0.0,4.3083995535100247e+46,0.22222222214527343,0.7,28,0
500,3.1660999379146712e+38,104.74108322008315,3.0227870865742583e+38,2.533068972394578e+42,1.2942344468006986e+40,-99.98934306634649,7.149981896982942,0.9098736087167706,13,5,94,493,0.13451270832466505,1.9809733975120363,0.0,4.673493231500834e+50,0.20000000000000018,0.7,28,1
500,8.307561575462941e+49,83.83437339452675,9.90949325328328e+49,1.2150033430388786e+51,6.503923039082492e+48,-99.9887670718817,8.335280070683316,1.129571818378245,15,4,126,494,0.14955053675444485,1.8985649726579616,0.0,1.8894316965632217e+59,0.22222222203245567,0.7,28,2
500,7.143418139514788e+39,111.88085498260912,6.384844074194079e+39,5.769873598150595e+43,2.963124963056842e+41,-99.98898815730011,7.256253644923526,0.9271087339869614,17,5,109,460,0.15141419428273895,1.9193695533271502,0.0,1.0814876238776498e+52,0.19999999999999996,0.7,28,3
500,3.5310620977394093e+39,87.13724445712566,4.0522994727895094e+39,7.305560704762923e+42,3.7656641289156936e+40,-99.98968532599392,7.205450631062089,0.874781426498992,22,5,94,491,0.13199465892989748,1.9241044989778306,0.0,1.1305355811750275e+51,0.20000000000000018,0.7,28,4
500,6.254357195325013e+48,101.56555266570048,6.157951225757628e+48,2.4960745446753444e+51,1.277923852823007e+49,-99.9887600829261,8.201278230950896,1.0757437503941043,11,5,117,495,0.1527870518809766,1.9764349757715387,0.0,4.849963147330408e+59,0.20000000000000018,0.7,28,5
500,2.2129015231405293e+39,94.44703386864782,2.343007961709122e+39,1.939127466255404e+43,9.935132795727271e+40,-99.98889358799913,7.219013151892851,0.9139199366673353,15,3,104,473,0.14340677763539775,2.0227797663259928,0.0,3.117532680912997e+51,0.2432432426965252,0.7,28,6
500,1.478801462000612e+42,94.4061115924343,1.5664255598036124e+42,1.3004451260700058e+46,6.656694167959143e+43,-99.98841346353625,7.591015229461226,1.0033902954044218,11,5,107,453,0.1631080826580743,2.000039874151805,0.0,2.1701103583245917e+54,0.19999999999999996,0.7,28,7
500,4.796266632245456e+33,95.94246879370823,4.999106957064241e+33,3.7760086162993428e+37,1.937688578710819e+35,-99.9911443775423,6.604780600648432,0.8208003670479054,6,5,102,492,0.11641085785466979,1.9279092479490152,0.0,6.42678667381334e+45,0.20000000000000018,0.7,28,8
500,4.5587109883156893e+46,103.27195906383166,4.4142776312570796e+46,3.3912085103362676e+50,1.7343492778772725e+48,-99.988471016094,8.091690945238938,1.119989253331853,12,5,131,495,0.14687241658588102,1.9617710736047211,0.0,6.263127065316891e+58,0.20000000000000018,0.7,28,9
500,1.6423259267232577e+53,83.02598186158745,1.978086726467358e+53,3.9343112031911424e+54,2.0092758401693254e+52,-99.98836555180249,8.63711557153061,1.1645895732037952,10,2,123,479,0.16863849627065647,2.0554472524869927,0.0,6.105754666375912e+62,0.15789473647813157,0.8,32,0
500,5.447760364688084e+41,83.99424324157468,6.485873500901551e+41,5.253136244956711e+45,2.6941345378436277e+43,-99.9893403927877,7.564877447893283,1.02044017896051,9,2,117,477,0.14816564440965738,2.0407210448711823,0.0,9.055187655608536e+53,0.15789473636751805,0.8,32,1
500,4.449954908470864e+38,86.41298562337043,5.149636800961743e+38,2.0709976474207103e+41,1.0576521550941673e+39,-99.9896129269623,7.1573516861406254,0.9206976590029674,9,3,105,493,0.13283106765424574,2.0976565314570257,0.0,3.674350068860976e+49,0.1351351351351353,0.8,32,2
500,6.9863838383720105e+44,133.68436967362575,5.226028933246589e+44,1.0471520379793223e+46,5.323675198005811e+43,-99.98996077954806,7.694878238562891,0.9665456483947173,8,3,107,495,0.14302488934015195,2.0491586657332057,0.0,2.877369978778874e+54,0.1351351351351351,0.8,32,3
500,2.027233054935644e+51,104.99443953014037,1.930800396675953e+51,4.1832515341899725e+54,2.142845893504435e+52,-99.98906193120875,8.60153675709493,1.2231240214619625,7,3,133,490,0.16740883481482652,1.998840197995549,0.0,9.533494321363856e+62,0.1351351351351351,0.8,32,4
500,1.5250171821145225e+49,102.68505603311748,1.485140332029114e+49,1.1839890106811306e+53,6.072923185665859e+50,-99.98865485518283,8.441458261673276,1.2003626480061662,3,3,125,484,0.16203788118727355,2.033741497397833,0.0,2.306597623913664e+61,0.13513513513513487,0.8,32,5
500,8.82625021483533e+51,104.66064188855493,8.433208563954466e+51,8.433208563954466e+51,2.4864378821929974e+49,-99.9889246177559,8.494791466573306,1.142166637514135,3,3,126,494,0.15238680492969348,2.0079744404001425,0.0,1.350059764403197e+59,0.13513513513513598,0.8,32,6
500,7.41427596138561e+37,83.8786204459341,8.839291731275733e+37,7.079513995503959e+41,3.606530185522584e+39,-99.98928100396344,7.10631150403508,0.9090809508699836,9,3,97,444,0.17389154590222927,1.8561422576494475,0.0,1.1333331105496321e+50,0.13513513513513487,0.8,32,7
500,1.2150322856533847e+42,90.85823124530803,1.337283665992705e+42,1.1192852542185266e+46,5.727305624415246e+43,-99.99035989383063,7.594390412773378,0.9860879897139873,6,3,110,477,0.14399025959023998,1.974094944128717,0.0,2.0688299387717865e+54,0.13513513513513487,0.8,32,8
500,5.812219037834306e+46,105.47272284724315,5.510637140042532e+46,4.127377990483107e+50,2.1216938279037564e+48,-99.98864713272914,8.107700279970727,1.1235370959521342,10,3,126,495,0.15474138930964995,2.0337184327250357,0.0,9.323452074063876e+58,0.1351351351351353,0.8,32,9
